<?xml version="1.0" encoding="UTF-8"?>
<project-private xmlns="http://www.netbeans.org/ns/project-private/1">
    <editor-bookmarks xmlns="http://www.netbeans.org/ns/editor-bookmarks/2" lastBookmarkId="0"/>
    <open-files xmlns="http://www.netbeans.org/ns/projectui-open-files/2">
        <group name="CSC 191">
            <file>file:/C:/Users/Evan/Documents/NetBeansProjects/C195AssessmentStrobel/src/controller/UpdateAppointmentFormController.java</file>
            <file>file:/C:/Users/Evan/Documents/NetBeansProjects/C195AssessmentStrobel/src/locale/Nat_fr.properties</file>
            <file>file:/C:/Users/Evan/Documents/NetBeansProjects/C195AssessmentStrobel/src/view/UpdateAppointmentForm.fxml</file>
            <file>file:/C:/Users/Evan/Documents/NetBeansProjects/C195AssessmentStrobel/src/view/UpdateCustomerForm.fxml</file>
            <file>file:/C:/Users/Evan/Documents/NetBeansProjects/C195AssessmentStrobel/src/controller/CustomersFormController.java</file>
            <file>file:/C:/Users/Evan/Documents/NetBeansProjects/C195AssessmentStrobel/src/view/AddCustomerForm.fxml</file>
            <file>file:/C:/Users/Evan/Documents/NetBeansProjects/C195AssessmentStrobel/src/model/Countries.java</file>
            <file>file:/C:/Users/Evan/Documents/NetBeansProjects/C195AssessmentStrobel/src/view/CustomersForm.fxml</file>
            <file>file:/C:/Users/Evan/Documents/NetBeansProjects/C195AssessmentStrobel/src/model/Contact.java</file>
            <file>file:/C:/Users/Evan/Documents/NetBeansProjects/C195AssessmentStrobel/src/helper/LambdaInterface.java</file>
            <file>file:/C:/Users/Evan/Documents/NetBeansProjects/C195AssessmentStrobel/src/helper/LambdaInterface2.java</file>
            <file>file:/C:/Users/Evan/Documents/NetBeansProjects/C195AssessmentStrobel/src/helper/Localization.java</file>
            <file>file:/C:/Users/Evan/Documents/NetBeansProjects/C195AssessmentStrobel/src/controller/AddAppointmentFormController.java</file>
            <file>file:/C:/Users/Evan/Documents/NetBeansProjects/C195AssessmentStrobel/src/model/Customer.java</file>
            <file>file:/C:/Users/Evan/Documents/NetBeansProjects/C195AssessmentStrobel/src/controller/AddCustomerFormController.java</file>
            <file>file:/C:/Users/Evan/Documents/NetBeansProjects/C195AssessmentStrobel/src/model/User.java</file>
            <file>file:/C:/Users/Evan/Documents/NetBeansProjects/C195AssessmentStrobel/src/controller/LoginFormController.java</file>
            <file>file:/C:/Users/Evan/Documents/NetBeansProjects/C195AssessmentStrobel/src/controller/AppointmentFormController.java</file>
            <file>file:/C:/Users/Evan/Documents/NetBeansProjects/C195AssessmentStrobel/src/view/AddAppointmentForm.fxml</file>
            <file>file:/C:/Users/Evan/Documents/NetBeansProjects/C195AssessmentStrobel/src/c195assessmentstrobel/C195AssessmentStrobel.java</file>
            <file>file:/C:/Users/Evan/Documents/NetBeansProjects/C195AssessmentStrobel/src/view/AppointmentForm.fxml</file>
            <file>file:/C:/Users/Evan/Documents/NetBeansProjects/C195AssessmentStrobel/src/model/Appointment.java</file>
            <file>file:/C:/Users/Evan/Documents/NetBeansProjects/C195AssessmentStrobel/src/controller/UpdateCustomerFormController.java</file>
            <file>file:/C:/Users/Evan/Documents/NetBeansProjects/C195AssessmentStrobel/src/helper/JDBC.java</file>
        </group>
    </open-files>
</project-private>
